<?xml version="1.0" encoding="UTF-8"?>
<rss version="2.0" xmlns:ror="http://rorweb.com/0.1/" >
<channel>
  <title>ROR Sitemap for http://payoneonline.com/</title>
  <link>http://payoneonline.com/</link>

<item>
     <link>https://payoneonline.com/</link>
     <title>PayOne Online :: PayoneOnline.com</title>
     <description>PayOne Online :: PayoneOnline.com</description>
     <ror:updatePeriod></ror:updatePeriod>
     <ror:sortOrder>0</ror:sortOrder>
     <ror:resourceOf>sitemap</ror:resourceOf>
</item>
<item>
     <link>https://payoneonline.com/index.php</link>
     <title>PayOne Online :: PayoneOnline.com</title>
     <description>PayOne Online :: PayoneOnline.com</description>
     <ror:updatePeriod></ror:updatePeriod>
     <ror:sortOrder>1</ror:sortOrder>
     <ror:resourceOf>sitemap</ror:resourceOf>
</item>
<item>
     <link>https://payoneonline.com/about-us.php</link>
     <title>About :: PayoneOnline.com</title>
     <description>About :: PayoneOnline.com</description>
     <ror:updatePeriod></ror:updatePeriod>
     <ror:sortOrder>1</ror:sortOrder>
     <ror:resourceOf>sitemap</ror:resourceOf>
</item>
<item>
     <link>https://payoneonline.com/money-transfer.php</link>
     <title>Money Transfer :: PayoneOnline.com</title>
     <description>Money Transfer :: PayoneOnline.com</description>
     <ror:updatePeriod></ror:updatePeriod>
     <ror:sortOrder>1</ror:sortOrder>
     <ror:resourceOf>sitemap</ror:resourceOf>
</item>
<item>
     <link>https://payoneonline.com/recharge.php</link>
     <title>Recahrge :: PayoneOnline.com</title>
     <description>Recahrge :: PayoneOnline.com</description>
     <ror:updatePeriod></ror:updatePeriod>
     <ror:sortOrder>1</ror:sortOrder>
     <ror:resourceOf>sitemap</ror:resourceOf>
</item>
<item>
     <link>https://payoneonline.com/dth-subscriptions.php</link>
     <title>DTH Subscription :: PayoneOnline.com</title>
     <description>DTH Subscription :: PayoneOnline.com</description>
     <ror:updatePeriod></ror:updatePeriod>
     <ror:sortOrder>1</ror:sortOrder>
     <ror:resourceOf>sitemap</ror:resourceOf>
</item>
<item>
     <link>https://payoneonline.com/bill-payments.php</link>
     <title>Bill Payments :: PayoneOnline.com</title>
     <description>Bill Payments :: PayoneOnline.com</description>
     <ror:updatePeriod></ror:updatePeriod>
     <ror:sortOrder>1</ror:sortOrder>
     <ror:resourceOf>sitemap</ror:resourceOf>
</item>
<item>
     <link>https://payoneonline.com/pan-card.php</link>
     <title>Pan Card Services :: PayoneOnline.com</title>
     <description>Pan Card Services :: PayoneOnline.com</description>
     <ror:updatePeriod></ror:updatePeriod>
     <ror:sortOrder>1</ror:sortOrder>
     <ror:resourceOf>sitemap</ror:resourceOf>
</item>
<item>
     <link>https://payoneonline.com/aeps.php</link>
     <title>AEPS :: PayoneOnline.com</title>
     <description>AEPS :: PayoneOnline.com</description>
     <ror:updatePeriod></ror:updatePeriod>
     <ror:sortOrder>1</ror:sortOrder>
     <ror:resourceOf>sitemap</ror:resourceOf>
</item>
<item>
     <link>https://payoneonline.com/mpos-devices.php</link>
     <title>mPOS Devices, POS Devices :: PayoneOnline.com</title>
     <description>mPOS Devices, POS Devices :: PayoneOnline.com</description>
     <ror:updatePeriod></ror:updatePeriod>
     <ror:sortOrder>1</ror:sortOrder>
     <ror:resourceOf>sitemap</ror:resourceOf>
</item>
<item>
     <link>https://payoneonline.com/prepaid-cards.php</link>
     <title>Prepaid Cards :: PayoneOnline.com</title>
     <description>Prepaid Cards :: PayoneOnline.com</description>
     <ror:updatePeriod></ror:updatePeriod>
     <ror:sortOrder>1</ror:sortOrder>
     <ror:resourceOf>sitemap</ror:resourceOf>
</item>
<item>
     <link>https://payoneonline.com/flight-booking.php</link>
     <title>Flight Booking :: PayoneOnline.com</title>
     <description>Flight Booking :: PayoneOnline.com</description>
     <ror:updatePeriod></ror:updatePeriod>
     <ror:sortOrder>1</ror:sortOrder>
     <ror:resourceOf>sitemap</ror:resourceOf>
</item>
<item>
     <link>https://payoneonline.com/railway-reservation.php</link>
     <title>Railway Reservation :: PayoneOnline.com</title>
     <description>Railway Reservation :: PayoneOnline.com</description>
     <ror:updatePeriod></ror:updatePeriod>
     <ror:sortOrder>1</ror:sortOrder>
     <ror:resourceOf>sitemap</ror:resourceOf>
</item>
<item>
     <link>https://payoneonline.com/bus.php</link>
     <title>Bus Booking :: PayoneOnline.com</title>
     <description>Bus Booking :: PayoneOnline.com</description>
     <ror:updatePeriod></ror:updatePeriod>
     <ror:sortOrder>1</ror:sortOrder>
     <ror:resourceOf>sitemap</ror:resourceOf>
</item>
<item>
     <link>https://payoneonline.com/join-us.php</link>
     <title>Join :: PayoneOnline.com</title>
     <description>Join :: PayoneOnline.com</description>
     <ror:updatePeriod></ror:updatePeriod>
     <ror:sortOrder>1</ror:sortOrder>
     <ror:resourceOf>sitemap</ror:resourceOf>
</item>
<item>
     <link>https://payoneonline.com/contact-us.php</link>
     <title>Contact :: PayoneOnline.com</title>
     <description>Contact :: PayoneOnline.com</description>
     <ror:updatePeriod></ror:updatePeriod>
     <ror:sortOrder>1</ror:sortOrder>
     <ror:resourceOf>sitemap</ror:resourceOf>
</item>
</channel>
</rss>
  